{"cameraMode":{"drawMode":0,"name":"Shaded","section":"Shading Mode"},"sceneLighting":true,"audioPlay":false,"sceneViewState":{"m_AlwaysRefresh":false,"showFog":true,"showSkybox":true,"showFlares":true,"showImageEffects":true,"showParticleSystems":true,"showVisualEffectGraphs":true,"m_FxEnabled":true},"in2DMode":false,"pivot":{"x":266.89825439453127,"y":360.0523986816406,"z":344.14508056640627},"rotation":{"x":-0.01266681682318449,"y":0.9748230576515198,"z":-0.05739439278841019,"w":-0.2151242196559906},"size":0.7375231981277466,"orthographic":false}